outcome,lag_1,lag_2,lag_3,lag_4,lag_5,lag_6,min_pval,significant_5pct
ip_growth,0.1227,0.0676,0.1065,0.1667,0.2533,0.403,0.06760527144100668,False
cpi_inflation,0.0036,0.1407,0.1571,0.265,0.3106,0.3455,0.0035591323111313885,True
hy_spread,0.5314,0.9853,0.7613,0.5347,0.3751,0.2659,0.2658683750842225,False
vix_change,0.2055,0.0234,0.0843,0.0246,0.062,0.0992,0.02335432688765848,True
sp500_return,0.7152,0.5589,0.5277,0.7179,0.7136,0.5975,0.5277389846829053,False
unemp,0.0868,0.0352,0.0568,0.0832,0.1061,0.1705,0.03520157225286144,True
